,menuKind,menuName
0,밥,반숙명란덮밥
1,밥,마늘쫑장아찌 볶음밥
2,밥,맛살볶음밥
3,밥,앵그리볶음밥
4,밥,참치마요 볶음밥
5,밥,새우볶음밥
6,밥,콜리플라워 볶음밥 & 아보카도 샐러드
7,밥,단호박 볶음밥
8,밥,크림볶음밥
9,밥,백김치볶음밥
10,밥,물만두 콩나물국밥
11,밥,삼겹살 장아찌김밥
12,밥,채소김밥
13,밥,묵은지말이 참치김밥
14,밥,햄버거 김밥
15,밥,지단 김밥
16,밥,돈가스 김밥 샌드위치
17,밥,만두김밥
18,밥,묵은지 참치김밥
19,밥,기본김밥
20,밥,대왕연어김밥
21,밥,충무김밥과 오징어무침
22,밥,베이컨달걀주먹밥
23,밥,구운달걀 카레덮밥
24,밥,채소 솥밥
25,밥,모둠버섯솥밥
26,밥,단호박닭고기솥밥
27,밥,삼치솥밥
28,밥,김솥밥
29,밥,가지밥
30,밥,토마토밥 & 토마토 약고추장
31,밥,소고기 오이볶음밥
32,밥,깍두기볶음밥
33,밥,장어덮밥
34,밥,강된장비빔밥
35,밥,쌈장덮밥
36,밥,불고기 당면덮밥
37,밥,카르보나라 덮밥
38,밥,떡볶이 덮밥
39,밥,새우덮밥
40,밥,물김치 묵밥
41,밥,소보로 열무밥
42,밥,청양고추멸치볶음 주먹밥
43,밥,포두부 롤밥
44,밥,양배추 둥지밥
45,밥,가지연두부덮밥
46,밥,베이컨잡채덮밥
47,밥,토마토치즈제육덮밥
48,밥,치킨양파덮밥
49,밥,날치알 비빔밥
50,밥,가지덮밥
51,밥,갈비찜 치즈덮밥
52,밥,달걀덮밥
53,밥,소고기 양파덮밥
54,밥,족발덮밥
55,밥,탑스테이크 덮밥
56,밥,통오징어 라조덮밥
57,밥,폭탄주먹밥
58,밥,치즈 불닭볶음밥
59,밥,마늘종볶음밥
60,밥,참깨 닭가슴살 오이덮밥
61,밥,닭봉카레덮밥
62,밥,김치 콩나물밥
63,밥,어묵버터밥
64,밥,땡초굴소스볶음밥
65,밥,삼각김밥누룽지전
66,밥,무생채 비빔밥
67,밥,통조림 햄구이& 달걀볶음밥
68,밥,영양 굴국밥
69,밥,오곡 해물채소볶음밥
70,밥,쌈장 돼지고기 덮밥
71,밥,렌틸콩밥
72,밥,병아리콩 보리밥
73,밥,할라피뇨 주먹밥
74,밥,햄 볶음밥
75,밥,양파덮밥
76,밥,짜장덮밥
77,밥,시래기전복솥밥
78,밥,채소 카레덮밥
79,밥,치자버섯밥
80,밥,장어 영양솥밥
81,밥,부추굴국밥
82,밥,오징어콩나물국밥
83,밥,매생이국밥
84,밥,쇠고기청경채무른밥
85,밥,김치볶음밥부리토
86,밥,불고기 토핑밥
87,밥,새우젓 달걀볶음밥
88,밥,얼갈이배추국밥
89,밥,묵은지 돌솥밥
90,밥,사과당근무른밥
91,밥,불고기 채소볶음밥
92,밥,오믈렛밥
93,밥,크래미알밥
94,밥,오볶이밥
95,밥,양파볶음 햄구이밥
96,밥,햇밤대추현미무른밥
97,밥,떠먹는 현미밥피자
98,밥,전복채소무른밥
99,밥,게살샐러드 유부초밥
100,밥,물오징어 간장덮밥
101,밥,불고기대파꼬치와 주먹밥
102,밥,된장돼지고기덮밥
103,밥,제육치즈 팬볶음밥
104,밥,김치양념밥
105,밥,우엉조림 현미주먹밥
106,밥,달래간장버터밥
107,밥,팽이잡채밥
108,밥,우엉간장밥
109,밥,제육양념밥
110,밥,시금치베이컨밥말이
111,밥,닭고기유부밥
112,밥,아스파라거스 전복볶음밥
113,밥,달걀말이밥
114,밥,양푼비빔밥
115,밥,노각생채비빔밥
116,밥,떠먹는 초밥
117,밥,라따뚜이덮밥
118,밥,옥수수김밥
119,밥,단호박 영양찰밥
120,밥,해물밥
121,밥,중화풍 달걀볶음밥
122,밥,김치당면 김밥볶음밥
123,밥,생와사비 참치마요김밥
124,밥,달걀치즈진밥
125,밥,오징어어묵무침 충무김밥
126,밥,달걀지단김밥
127,밥,새우튀김김밥
128,밥,무장아찌주먹밥
129,밥,다시마밥
130,밥,불고기 김치콩나물밥
131,밥,김치어묵치즈덮밥
132,밥,명란덮밥
133,밥,유산슬덮밥
134,밥,양배추된장무른밥
135,밥,돌솥비빔밥
136,밥,숯불김밥
137,밥,불고기장 쌈밥
138,밥,베이컨버섯쌈장볶음밥
139,밥,깍두기 찬밥피자
140,밥,고추장마파덮밥
141,밥,대패삼겹살덮밥
142,밥,버섯밥
143,밥,고구마밥
144,밥,카레김가루주먹밥
145,밥,닭가슴살 카레볶음밥
146,밥,두부밥과 간장양념
147,밥,오도독뼈 주먹밥
148,밥,양념치킨 볶음밥
149,밥,고추참치덮밥
150,밥,창란젓볶음밥
151,밥,중화풍 호박고지덮밥
152,밥,닭가슴살덮밥
153,밥,테이크아웃 비빔밥
154,밥,시푸드데리컵밥
155,밥,카레뿌리채소밥
156,밥,옥수수밥
157,밥,불고기김초밥
158,밥,오징어젓콩나물국밥
159,밥,밥솥장조림
160,밥,쇠고기밥전과 씻은김치무침
161,밥,매실장아찌볶음밥
162,밥,함박밥스테이크
163,밥,밥달걀찜
164,밥,김치볶음밥 오징어순대
165,밥,어묵찬밥조림
166,밥,단호박 영양찰밥
167,밥,채소밥만두
168,밥,김치볶음밥 돈가스롤
169,덮밥,반숙명란덮밥
170,덮밥,구운달걀 카레덮밥
171,덮밥,장어덮밥
172,덮밥,쌈장덮밥
173,덮밥,불고기 당면덮밥
174,덮밥,카르보나라 덮밥
175,덮밥,떡볶이 덮밥
176,덮밥,새우덮밥
177,덮밥,가지연두부덮밥
178,덮밥,베이컨잡채덮밥
179,덮밥,토마토치즈제육덮밥
180,덮밥,치킨양파덮밥
181,덮밥,가지덮밥
182,덮밥,갈비찜 치즈덮밥
183,덮밥,달걀덮밥
184,덮밥,소고기 양파덮밥
185,덮밥,족발덮밥
186,덮밥,탑스테이크 덮밥
187,덮밥,통오징어 라조덮밥
188,덮밥,참깨 닭가슴살 오이덮밥
189,덮밥,닭봉카레덮밥
190,덮밥,쌈장 돼지고기 덮밥
191,덮밥,양파덮밥
192,덮밥,짜장덮밥
193,덮밥,채소 카레덮밥
194,덮밥,물오징어 간장덮밥
195,덮밥,된장돼지고기덮밥
196,덮밥,라따뚜이덮밥
197,덮밥,김치어묵치즈덮밥
198,덮밥,명란덮밥
199,덮밥,유산슬덮밥
200,덮밥,고추장마파덮밥
201,덮밥,대패삼겹살덮밥
202,덮밥,고추참치덮밥
203,덮밥,중화풍 호박고지덮밥
204,덮밥,닭가슴살덮밥
205,볶음밥,마늘쫑장아찌 볶음밥
206,볶음밥,맛살볶음밥
207,볶음밥,앵그리볶음밥
208,볶음밥,참치마요 볶음밥
209,볶음밥,새우볶음밥
210,볶음밥,콜리플라워 볶음밥 & 아보카도 샐러드
211,볶음밥,단호박 볶음밥
212,볶음밥,크림볶음밥
213,볶음밥,백김치볶음밥
214,볶음밥,소고기 오이볶음밥
215,볶음밥,깍두기볶음밥
216,볶음밥,치즈 불닭볶음밥
217,볶음밥,마늘종볶음밥
218,볶음밥,땡초굴소스볶음밥
219,볶음밥,통조림 햄구이& 달걀볶음밥
220,볶음밥,오곡 해물채소볶음밥
221,볶음밥,햄 볶음밥
222,볶음밥,김치볶음밥부리토
223,볶음밥,새우젓 달걀볶음밥
224,볶음밥,불고기 채소볶음밥
225,볶음밥,제육치즈 팬볶음밥
226,볶음밥,아스파라거스 전복볶음밥
227,볶음밥,중화풍 달걀볶음밥
228,볶음밥,김치당면 김밥볶음밥
229,볶음밥,베이컨버섯쌈장볶음밥
230,볶음밥,닭가슴살 카레볶음밥
231,볶음밥,양념치킨 볶음밥
232,볶음밥,창란젓볶음밥
233,볶음밥,매실장아찌볶음밥
234,볶음밥,김치볶음밥 오징어순대
235,볶음밥,김치볶음밥 돈가스롤
236,솥밥,채소 솥밥
237,솥밥,모둠버섯솥밥
238,솥밥,단호박닭고기솥밥
239,솥밥,삼치솥밥
240,솥밥,김솥밥
241,솥밥,시래기전복솥밥
242,솥밥,장어 영양솥밥
243,솥밥,묵은지 돌솥밥
244,비빔밥,강된장비빔밥
245,비빔밥,날치알 비빔밥
246,비빔밥,무생채 비빔밥
247,비빔밥,양푼비빔밥
248,비빔밥,노각생채비빔밥
249,비빔밥,돌솥비빔밥
250,비빔밥,테이크아웃 비빔밥
251,죽,간편 닭죽
252,죽,골뱅이죽
253,죽,바지락죽
254,죽,미나리채소죽
255,죽,게살치즈죽
256,죽,들깨쇠고기미역죽
257,죽,늙은 호박죽
258,죽,흑임자죽
259,죽,녹두닭안심죽
260,죽,채소멸치죽
261,죽,꽃게죽
262,죽,소고기아욱죽
263,죽,단호박타락죽
264,죽,죽순채
265,국밥,물만두 콩나물국밥
266,국밥,영양 굴국밥
267,국밥,부추굴국밥
268,국밥,오징어콩나물국밥
269,국밥,매생이국밥
270,국밥,얼갈이배추국밥
271,국밥,오징어젓콩나물국밥
272,주먹밥,베이컨달걀주먹밥
273,주먹밥,청양고추멸치볶음 주먹밥
274,주먹밥,폭탄주먹밥
275,주먹밥,할라피뇨 주먹밥
276,주먹밥,불고기대파꼬치와 주먹밥
277,주먹밥,우엉조림 현미주먹밥
278,주먹밥,무장아찌주먹밥
279,주먹밥,카레김가루주먹밥
280,주먹밥,오도독뼈 주먹밥
281,이유식,대구살시금치이유식
282,미음,바나나차조미음
283,미음,차조대추미음
284,라이스,오리튜브 카레라이스
285,라이스,데리야키고추오므라이스
286,라이스,매콤가지오므라이스
287,라이스,하이라이스 도리아
288,라이스,김치하이라이스
289,라이스,오므라이스
290,라이스,순두부카레라이스
291,라이스,카르보나라 라이스
292,라이스,라이스페이퍼 팟타이
293,초밥,게살샐러드 유부초밥
294,초밥,떠먹는 초밥
295,초밥,불고기김초밥
296,김밥,삼겹살 장아찌김밥
297,김밥,채소김밥
298,김밥,묵은지말이 참치김밥
299,김밥,햄버거 김밥
300,김밥,지단 김밥
301,김밥,돈가스 김밥 샌드위치
302,김밥,만두김밥
303,김밥,묵은지 참치김밥
304,김밥,기본김밥
305,김밥,대왕연어김밥
306,김밥,충무김밥과 오징어무침
307,김밥,삼각김밥누룽지전
308,김밥,옥수수김밥
309,김밥,김치당면 김밥볶음밥
310,김밥,생와사비 참치마요김밥
311,김밥,오징어어묵무침 충무김밥
312,김밥,달걀지단김밥
313,김밥,새우튀김김밥
314,김밥,숯불김밥
315,떡,로제리소떡
316,떡,떡볶이 덮밥
317,떡,채식떡국
318,떡,오징어젓 떡볶음
319,떡,김장떡
320,떡,우거지장떡
321,떡,마라 기름떡볶이
322,떡,떡닭불고기
323,떡,콩고기 토마토떡볶이
324,떡,간장꿀떡볶이
325,떡,감자떡볶이
326,떡,베이컨떡볶음
327,떡,냉이떡갈비
328,떡,우엉떡갈비
329,떡,떡스테이크
330,떡,매운 톳떡찜
331,떡,떡산적
332,떡,광장시장 빈대떡
333,누룽지,삼각김밥누룽지전
334,누룽지,토마토누룽지수프
335,누룽지,얼큰누룽지탕
336,묵사발,골뱅이냉묵사발
337,롤,포두부 롤밥
338,롤,캘리포니아롤
339,롤,크림소스 캐비지롤
340,롤,김치볶음밥 돈가스롤
341,국,물만두 콩나물국밥
342,국,영양 굴국밥
343,국,부추굴국밥
344,국,오징어콩나물국밥
345,국,매생이국밥
346,국,얼갈이배추국밥
347,국,돼지고기짬뽕국
348,국,5분 어묵국
349,국,바지락무채국
350,국,바지락 얼갈이배춧국
351,국,홍합뭇국
352,국,대하 연두붓국
353,국,채식떡국
354,국,소고기 뭇국
355,국,참외냉국
356,국,오이토마토냉국
357,국,콩나물냉국
358,국,된장 가지냉국
359,국,모시조갯국
360,국,노각 냉국
361,국,복숭아 냉국
362,국,오이 미역냉국
363,국,호박잎국
364,국,봄동쇠고기국
365,국,콩나물무침 & 콩나물술국
366,국,맑은 냉잇국
367,국,두유 된장국
368,국,황태국
369,국,오징어젓콩나물국밥
370,국,온묵국
371,국,제주 콩국
372,국,우렁 시래깃국
373,국,닭가슴살완자국
374,국,소고기 배춧국
375,국,동치미 된장국
376,국,매생이 두붓국
377,국,굴짬뽕만둣국
378,국,바지락 미역국
379,국,버섯된장 달걀국
380,국,새송이달걀국
381,국,배추된장국
382,국,순두부콩나물국
383,국,두부뭇국
384,국,쇠고기 미역국
385,국,맑은 쇠고기뭇국
386,국,매콤한 쇠고기뭇국
387,국,콩나물아욱국
388,국,풋호박청국장
389,국,오만둥이무국
390,국,버섯시금치국
391,국,매운어묵배춧국
392,국,호박잎된장국
393,국,올갱이국
394,국,오이미역냉국
395,국,새우젓콩나물국
396,국,취나물된장국
397,국,황태장국
398,국,콩가루냉이장국
399,국,장조림탕국
400,국,쇠고기우거지된장국
401,국,들깨뭇국
402,국,냉이된장국
403,국,물만두된장국
404,국,순두부김국
405,국,가지냉국
406,국,쇠고기미역국
407,국,꽃게된장국
408,국,경상도식 탕국
409,국,다슬기부추된장국
410,국,감잣국
411,국,홍합미역국
412,국,바지락쑥완자국
413,국,미역된장국
414,국,매콤쇠고기뭇국
415,국,황태아욱국
416,국,봄동된장국
417,국,황태애호박국
418,국,모둠버섯맑은국
419,국,새우순두붓국
420,국,두부호박 새우젓국
421,국,개성만둣국
422,국,생태국
423,국,깻잎버섯된장국
424,국,열무 청국장
425,국,차돌박이청국장
426,국,오이 미역냉국
427,국,중국식 생선찜
428,탕,꽁치추어탕
429,탕,고구마 닭볶음탕
430,탕,전복삼계탕
431,탕,백합 맑은탕
432,탕,고추냉이 초계탕
433,탕,문어 매운탕
434,탕,주꾸미연포탕
435,탕,얼큰 어묵탕
436,탕,건새우순두부탕
437,탕,민물새우탕
438,탕,얼큰 낙지탕
439,탕,마늘 조개탕
440,탕,갈비탕
441,탕,뼈 없는 시래기감자탕
442,탕,맑은 생태탕
443,탕,들깨토란탕
444,탕,맑은 꽃게탕
445,탕,얼큰 꼬막탕
446,탕,닭곰탕
447,탕,얼큰홍합탕
448,탕,새우콩나물탕
449,탕,낙지불고기매운탕
450,탕,모시조개탕
451,탕,부추닭고기 물만두탕
452,탕,새우두부완자탕
453,탕,삼계탕
454,탕,버섯닭볶음탕
455,탕,고추장번데기탕
456,탕,감자탕
457,탕,조개달걀탕
458,탕,미더덕어묵탕
459,탕,장조림탕국
460,탕,주꾸미매운탕
461,탕,버섯매운탕
462,탕,쇠고기부추들깨탕
463,탕,맑은 버섯두부탕
464,탕,꽃게어묵탕
465,탕,경상도식 탕국
466,탕,닭고기참깨탕
467,탕,얼큰 절편어묵탕
468,탕,조개탕 수제비
469,탕,얼큰누룽지탕
470,탕,맥주조개탕
471,탕,통마늘 만두맛탕
472,탕,장어탕수육
473,탕,삼겹살그라탕
474,탕,도토리묵탕수
475,탕수,장어탕수육
476,탕수,도토리묵탕수
477,전골,장어전골
478,전골,양배추치즈전골
479,전골,냉이 버섯전골
480,전골,총알오징어버섯전골
481,전골,양고기전골
482,전골,해물전골
483,전골,두부배추전골
484,전골,만두전골
485,전골,굴전골
486,전골,구운두부전골
487,전골,김치만두전골
488,전골,잡채유부주머니전골
489,전골,쇠고기완자 배추전골
490,백숙,한방오리백숙
491,볶음탕,고구마 닭볶음탕
492,볶음탕,버섯닭볶음탕
493,냉국,참외냉국
494,냉국,오이토마토냉국
495,냉국,콩나물냉국
496,냉국,된장 가지냉국
497,냉국,노각 냉국
498,냉국,복숭아 냉국
499,냉국,오이미역냉국
500,냉국,가지냉국
501,찌개,늙은 호박 된장찌개
502,찌개,애호박 고추장찌개
503,찌개,어묵 두부찌개
504,찌개,대파된장찌개
505,찌개,소고기 고추장찌개
506,찌개,대패쌈장찌개
507,찌개,생멸치찌개
508,찌개,달래된장찌개
509,찌개,도루묵찌개
510,찌개,짜글이 찌개
511,찌개,강화도식 주꾸미된장찌개
512,찌개,참치김치찌개
513,찌개,순두부된장찌개
514,찌개,원조 부대찌개
515,찌개,얼큰 가지찌개
516,찌개,호박고추장찌개
517,찌개,순두부김치찌개
518,찌개,쌈장김치찌개
519,찌개,북어매운찌개
520,찌개,동태찌개
521,찌개,얼큰 두부찌개
522,찌개,새우젓비지찌개
523,찌개,명란젓비지찌개
524,찌개,백순두부찌개
525,찌개,쌈장목살찌개
526,찌개,오징어고추장찌개
527,찌개,조갯살고추장찌개
528,찌개,명란순두부찌개
529,찌개,비지찌개
530,찌개,매운닭고기찌개
531,스튜,홍토넛스튜
532,스튜,다크비프스튜
533,짜글이,대합깻잎짜글이
534,짜글이,짜글이 찌개
535,짜글이,돼지고기짜글이
536,샤브샤브,주꾸미샤브샤브
537,샤브샤브,쌈채소 샤브샤브
538,샤브샤브,쇠고기 샤브샤브
539,나베,묵은지 밀푀유나베
540,나베,삼겹살밀푀유나베
541,찜,갈비찜 치즈덮밥
542,찜,매콤가지찜
543,찜,전자레인지달걀찜
544,찜,시금치페스토 꼬막찜
545,찜,미나리 생콩가루찜
546,찜,찹쌀 마늘종찜
547,찜,갈치찜
548,찜,부추콩가루찜
549,찜,연근양송이달걀찜
550,찜,콩가루고추멸치찜
551,찜,시래기꽁치찜
552,찜,차돌박이 알배추찜
553,찜,개성식 무닭찜
554,찜,매운 갈비찜
555,찜,오이찜닭
556,찜,베이컨감자찜
557,찜,콜라찜닭
558,찜,바지락찜
559,찜,굴 콩나물찜
560,찜,대패삼겹살숙주찜
561,찜,간장 새우찜
562,찜,콩나물 꽃게찜
563,찜,오만둥이콩나물찜
564,찜,밥달걀찜
565,찜,등갈비 묵은지찜
566,찜,양파삼겹살찜
567,찜,조개콩나물찜
568,찜,등갈비찜
569,찜,꽈리고추찜
570,찜,중국식 생선찜
571,찜,삼겹살묵은지찜
572,찜,매운 톳떡찜
573,찜,시금치달걀찜
574,찜,토마토찜닭
575,찜,삼치양념찜
576,찜,매운 황태닭찜
577,찜,조기찜
578,찜,낙지갈비찜
579,찜,미나리달걀찜
580,찜,해물찜
581,찜,마소스 가자미찜
582,찜,순대버섯 콩나물찜
583,찜,돼지고기김치찜
584,훠궈,훠궈 물꼬치
585,밀푀유나베,묵은지 밀푀유나베
586,밀푀유나베,삼겹살밀푀유나베
587,우동,조개젓 나가사키 우동
588,우동,얼큰 김치우동
589,우동,간장볶음우동
590,우동,쇠고기볶음우동
591,라면,해물쟁반 짜장라면
592,짬뽕,돼지고기짬뽕국
593,짬뽕,굴짬뽕만둣국
594,짬뽕,나가사키 짬뽕
595,냉면,중화냉면
596,파스타,오렌지크림소스파스타
597,파스타,꽈리고추 버섯크림파스타
598,수제비,감자버섯수제비
599,수제비,조개탕 수제비
600,말이,묵은지말이 참치김밥
601,말이,시금치베이컨밥말이
602,말이,달걀말이밥
603,말이,옥수수애호박달걀말이
604,말이,감자채볶음 & 대왕 달걀말이
605,말이,양상추 명란젓말이
606,말이,포두부말이
607,말이,장어 달걀말이
608,말이,김달걀말이
609,말이,명란달걀말이
610,말이,김치치즈달걀말이
611,말이,안심말이
612,말이,파프리카 삼겹말이꼬치
613,말이,돈말이
614,말이,치즈왕달걀말이
615,조림,통조림 햄구이& 달걀볶음밥
616,조림,우엉조림 현미주먹밥
617,조림,장조림탕국
618,조림,옥수수알감자조림
619,조림,밥솥장조림
620,조림,두부 장조림
621,조림,콩나물장조림
622,조림,갈치고구마조림
623,조림,톳 김조림
624,조림,매콤 닭봉조림
625,조림,문어 장조림
626,조림,어묵 김치조림
627,조림,방울양배추 소고기조림
628,조림,닭고기가지조림
629,조림,호박양파조림
630,조림,매콤우엉조림
631,조림,땅콩조림
632,조림,닭고기달걀장조림
633,조림,매콤감자조림
634,조림,새송이장조림
635,조림,시골두부무조림
636,조림,납작완자조림
637,조림,단호박 호두조림
638,조림,쇠고기감자조림
639,조림,호두조림
640,조림,고구마순 고등어조림
641,조림,멸치 무조림
642,조림,통삼겹 간장조림
643,조림,대패삼겹 두부조림
644,조림,만두조림 & 만두부침개
645,조림,조갯살두부조림
646,조림,매콤 닭봉조림
647,조림,고등어 무조림
648,조림,김조림
649,조림,삼치간장조림
650,조림,호두 은행조림
651,조림,오징어연근조림
652,조림,코다리조림
653,조림,밤알단자와 사과조림
654,조림,뚝배기 갈치조림
655,조림,마늘꿀조림
656,조림,가지튀김 깐풍조림
657,조림,꽁치조림
658,조림,곤약버섯조림
659,조림,어묵찬밥조림
660,조림,꽁치얼갈이조림
661,조림,뿌리채소 돼지고기조림
662,조림,노가리조림
663,조림,토란잔멸치조림
664,조림,시래기삼치조림
665,조림,어묵고구마조림
666,조림,마른 꼴뚜기조림
667,조림,된장두부조림
668,조림,쇠고기 장조림
669,조림,다시마곤약콩조림
670,조림,가자미조림
671,조림,마늘고추장소스 두부조림
672,조림,마늘밤조림
673,조림,감자간장조림
674,조림,통삼겹 간장조림
675,전,삼각김밥누룽지전
676,전,무전
677,전,고구마채전
678,전,양배추 달걀전
679,전,못난이 가지전
680,전,낙지젓 파전
681,전,늙은호박전
682,전,오징어젓전
683,전,버섯김치전
684,전,참나물샐러드를 곁들인 육전
685,전,버섯전
686,전,감자전
687,젓,새우젓 달걀볶음밥
688,젓,창란젓볶음밥
689,젓,조개젓 나가사키 우동
690,젓,오징어젓콩나물국밥
691,젓,새우젓콩나물국
692,젓,두부호박 새우젓국
693,젓,새우젓비지찌개
694,젓,명란젓비지찌개
695,젓,오징어젓 떡볶음
696,젓,양념조개젓
697,젓,어리굴젓
698,젓,멍게젓
699,젓,오징어젓미나리무침
700,젓,낙지젓 파전
701,젓,양상추 명란젓말이
702,젓,오징어젓전
703,나물,물만두 콩나물국밥
704,나물,김치 콩나물밥
705,나물,오징어콩나물국밥
706,나물,불고기 김치콩나물밥
707,나물,콩나물냉국
708,나물,콩나물무침 & 콩나물술국
709,나물,오징어젓콩나물국밥
710,나물,순두부콩나물국
711,나물,새우콩나물탕
712,나물,콩나물아욱국
713,나물,새우젓콩나물국
714,나물,취나물된장국
715,나물,봄나물 강된장
716,나물,콩나물장조림
717,나물,통들깨 무나물
718,나물,삼색나물
719,나물,하얀콩나물무침
720,나물,콩나물 냉채
721,나물,세발나물 새우부침개
722,나물,봄나물 된장닭갈비
723,나물,방풍나물무침
724,나물,호박나물
725,나물,낙지콩나물볶음
726,나물,찐콩나물굴무침
727,나물,방풍나물초무침
728,나물,비름나물무침
729,나물,콩나물버섯무침
730,나물,열무나물무침
731,나물,우삼겹 콩나물두루치기
732,나물,콩나물라볶이
733,나물,참나물샐러드를 곁들인 육전
734,나물,굴 콩나물찜
735,나물,콩나물 꽃게찜
736,나물,오만둥이콩나물찜
737,나물,조개콩나물찜
738,나물,순대버섯 콩나물찜
739,무침,충무김밥과 오징어무침
740,무침,오징어어묵무침 충무김밥
741,무침,콩나물무침 & 콩나물술국
742,무침,삼겹살 겨자무침
743,무침,명란 오이무침
744,무침,애호박초무침
745,무침,김무침
746,무침,팽이버섯무침
747,무침,쥐포채무침
748,무침,하얀콩나물무침
749,무침,감자무침
750,무침,북어채무침
751,무침,건도토리묵무침
752,무침,포두부무침
753,무침,된장 톳 두부무침
754,무침,방풍나물무침
755,무침,오징어젓미나리무침
756,무침,브로콜리 줄기무침
757,무침,풋마늘대무침
758,무침,미역초무침
759,무침,대파무침
760,무침,풋고추된장무침
761,무침,톳 무말랭이무침
762,무침,반건조오징어무침
763,무침,감귤된장무침
764,무침,오이고추 삼겹살 무침
765,무침,아욱건새우 된장무침
766,무침,양지무침
767,무침,꽈리고추무침
768,무침,연근무침
769,무침,배추된장무침
770,무침,쇠고기밥전과 씻은김치무침
771,무침,오이지무침
772,무침,찐콩나물굴무침
773,무침,아욱무침
774,무침,낙지초무침
775,무침,꽃게무침
776,무침,방풍나물초무침
777,무침,곶감고추장무침
778,무침,숙주무침
779,무침,대파된장무침
780,무침,양파초무침
781,무침,무말랭이무침
782,무침,사과청경채무침
783,무침,비름나물무침
784,무침,고구마순무침
785,무침,도라지초무침
786,무침,콩나물버섯무침
787,무침,대파초무침
788,무침,열무나물무침
789,무침,전어구이와 파무침
790,무침,생선회무침
791,무침,굴무침
792,구이,통조림 햄구이& 달걀볶음밥
793,구이,양파볶음 햄구이밥
794,구이,찹쌀 연근구이
795,구이,달래 돼지고기 생강구이
796,구이,고추장 파래김구이
797,구이,더덕 고추장구이
798,구이,전복버터구이
799,구이,양념장 올린 두부구이
800,구이,고등어 마리네이드구이
801,구이,연어구이
802,구이,쪽갈비구이
803,구이,통가지구이
804,구이,통표고버섯구이
805,구이,양배추닭가슴살구이
806,구이,마늘 통삼겹구이
807,구이,쌈장닭구이
808,구이,에어프라이어 닭구이
809,구이,닭다릿살 대파구이
810,구이,마라닭구이
811,구이,데리야키소스 전어구이
812,구이,족발페퍼구이
813,구이,통닭구이
814,구이,간장버터통오징어구이
815,구이,항정살된장구이
816,구이,박대구이
817,구이,돼지안심자몽구이
818,구이,양꼬치구이
819,구이,장어구이
820,구이,통감자치즈구이
821,구이,갈비양념에 재운 부채살구이
822,구이,카레삼치구이
823,구이,등갈비구이
824,구이,된장부추맥적구이
825,구이,전어구이와 파무침
826,구이,대하날치알 치즈구이
827,구이,불닭치즈구이
828,구이,훈제오리구이 배추샐러드
829,구이,깻잎페스토 목살구이
830,구이,삼치마요구이
831,구이,닭날개버터구이
832,구이,쇠고기꼬치구이
833,구이,마늘간장소스 윙&봉구이
834,구이,생선된장구이
835,구이,딥소스 오징어 쥐포구이
836,구이,임연수카레구이
837,구이,아스파라거스 닭꼬치구이
838,구이,고추장삼겹살구이
839,구이,카레갈치구이
840,구이,고등어된장구이
841,구이,크림소스 가지구이
842,구이,석화치즈구이&사과드레싱 샐러드
843,볶음,마늘쫑장아찌 볶음밥
844,볶음,맛살볶음밥
845,볶음,앵그리볶음밥
846,볶음,참치마요 볶음밥
847,볶음,새우볶음밥
848,볶음,콜리플라워 볶음밥 & 아보카도 샐러드
849,볶음,단호박 볶음밥
850,볶음,크림볶음밥
851,볶음,백김치볶음밥
852,볶음,소고기 오이볶음밥
853,볶음,깍두기볶음밥
854,볶음,청양고추멸치볶음 주먹밥
855,볶음,청양고추멸치볶음
856,볶음,치즈 불닭볶음밥
857,볶음,마늘종볶음밥
858,볶음,땡초굴소스볶음밥
859,볶음,통조림 햄구이& 달걀볶음밥
860,볶음,오곡 해물채소볶음밥
861,볶음,햄 볶음밥
862,볶음,김치볶음밥부리토
863,볶음,새우젓 달걀볶음밥
864,볶음,불고기 채소볶음밥
865,볶음,양파볶음 햄구이밥
866,볶음,제육치즈 팬볶음밥
867,볶음,아스파라거스 전복볶음밥
868,볶음,중화풍 달걀볶음밥
869,볶음,김치당면 김밥볶음밥
870,볶음,베이컨버섯쌈장볶음밥
871,볶음,닭가슴살 카레볶음밥
872,볶음,양념치킨 볶음밥
873,볶음,창란젓볶음밥
874,볶음,고구마 닭볶음탕
875,볶음,버섯닭볶음탕
876,볶음,오징어젓 떡볶음
877,볶음,고구마줄기볶음
878,볶음,김치볶음 & 두부김치
879,볶음,감자채볶음 & 대왕 달걀말이
880,볶음,들깨시래기볶음
881,볶음,케일버섯볶음
882,볶음,두부 강된장볶음
883,볶음,매운 감자볶음
884,볶음,낙지콩나물볶음
885,볶음,닭가슴살 채소볶음
886,볶음,감자멸치볶음
887,볶음,양배추볶음
888,볶음,감자볶음
889,볶음,마른파래볶음
890,볶음,꽈리고추오징어볶음
891,볶음,쥐포볶음
892,볶음,마늘종잔멸치볶음
893,볶음,어묵양파볶음
894,볶음,늙은호박볶음
895,볶음,소고기무볶음
896,볶음,꽈리고추 삼겹살볶음
897,볶음,철판알볶음
898,볶음,토마토 제육볶음
899,볶음,소고기 오이볶음밥
900,볶음,돼지불고기 마요볶음
901,볶음,간장제육볶음
902,볶음,애호박채볶음
903,볶음,멸치대하볶음 & 엔다이브 쌈 with 청주
904,볶음,대파 소고기 볶음
905,볶음,양배추 우삼겹 숙주볶음
906,볶음,짜장제육볶음
907,볶음,간장볶음우동
908,볶음,멸치꽈리고추볶음
909,볶음,호박고지볶음
910,볶음,버섯볶음 모닝머핀
911,볶음,가지양파볶음
912,볶음,차돌박이볶음
913,볶음,마늘종제육볶음
914,볶음,쥐포볶음
915,볶음,검은콩볶음
916,볶음,백순대볶음
917,볶음,베이컨버섯볶음
918,볶음,키조개관자볶음
919,볶음,아스파라거스오징어볶음
920,볶음,마늘모래집볶음
921,볶음,토마토버섯볶음
922,볶음,단호박볶음
923,볶음,뿌리채소카레볶음
924,볶음,데리야키 오징어 모래집볶음
925,볶음,쇠고기볶음우동
926,볶음,햇마늘버섯볶음
927,볶음,훈제오리채소볶음
928,볶음,훈제오리 마늘볶음
929,볶음,주꾸미대파볶음
930,볶음,총각김치볶음
931,볶음,베이컨떡볶음
932,볶음,명엽채볶음
933,볶음,들깨애호박볶음
934,볶음,아스파라거스 쇠고기볶음
935,볶음,카르보나라 순대볶음
936,볶음,고추장더덕어묵볶음
937,볶음,들깨버섯볶음
938,볶음,제육볶음
939,볶음,고구마무스 닭가슴살볶음
940,볶음,매실장아찌볶음밥
941,볶음,김치볶음밥 오징어순대
942,볶음,김치볶음밥 돈가스롤
943,파전,낙지젓 파전
944,겉절이,알배추 겉절이
945,겉절이,시금치 겉절이
946,겉절이,청경채겉절이
947,겉절이,배추달래겉절이
948,겉절이,사과상추 겉절이
949,피클,참외 피클
950,피클,청양고추피클
951,피클,달걀피클
952,피클,양배추피클
953,부침개,무채부침개
954,부침개,세발나물 새우부침개
955,부침개,미역홍합부침개
956,부침개,만두조림 & 만두부침개
957,절임,가지절임
958,절임,연근초절임
959,장아찌,마늘쫑장아찌 볶음밥
960,장아찌,삼겹살 장아찌김밥
961,장아찌,무장아찌주먹밥
962,장아찌,셀러리 장아찌
963,장아찌,매실장아찌볶음밥
964,쌈,불고기장 쌈밥
965,쌈,쌈채소 샤브샤브
966,쌈,참치 쌈장과 양배추쌈
967,쌈,오징어보쌈
968,쌈,멸치대하볶음 & 엔다이브 쌈 with 청주
969,쌈,싸 먹는 돈가스(돈가스쌈)
970,쌈,싸 먹는 닭(쌈닭)
971,쌈,포크데리야키 쌈샐러드
972,쌈,대왕 월남쌈
973,쌈,멸치깻잎쌈
974,쌈,쇠고기삼색밀쌈
975,쌈,골라 먹는 월남쌈
976,불고기,불고기 당면덮밥
977,불고기,불고기 토핑밥
978,불고기,불고기 채소볶음밥
979,불고기,불고기대파꼬치와 주먹밥
980,불고기,불고기 김치콩나물밥
981,불고기,불고기장 쌈밥
982,불고기,불고기김초밥
983,불고기,낙지불고기매운탕
984,불고기,흑돼지불고기
985,불고기,서울식 육수불고기
986,불고기,매운닭불고기
987,불고기,오삼불고기
988,불고기,무불고기
989,불고기,돼지불고기 마요볶음
990,불고기,더덕불고기
991,불고기,떡닭불고기
992,불고기,가지 돼지불고기
993,불고기,파탑불고기
994,불고기,시래기불고기
995,불고기,돼지불고기
996,갈비,갈비찜 치즈덮밥
997,갈비,갈비탕
998,갈비,봄나물 된장닭갈비
999,갈비,바삭 등갈비 강정
1000,갈비,오리갈비
1001,갈비,닭갈비만두
1002,갈비,닭갈비
1003,갈비,쪽갈비구이
1004,갈비,냉이떡갈비
1005,갈비,우엉떡갈비
1006,갈비,갈비양념에 재운 부채살구이
1007,갈비,등갈비구이
1008,갈비,돼지양념갈비
1009,갈비,매운 갈비찜
1010,갈비,등갈비 묵은지찜
1011,갈비,등갈비찜
1012,갈비,낙지갈비찜
1013,강정,치즈멸치강정
1014,강정,바삭 등갈비 강정
1015,강정,깨호박씨강정
1016,강정,견과류 뿌린 찹쌀돼지고기강정
1017,강정,등갈비강정
1018,돼지,쌈장 돼지고기 덮밥
1019,돼지,된장돼지고기덮밥
1020,돼지,돼지고기짬뽕국
1021,돼지,흑돼지불고기
1022,돼지,돼지고기짜글이
1023,돼지,달래 돼지고기 생강구이
1024,돼지,돼지불고기 마요볶음
1025,돼지,견과류 뿌린 찹쌀돼지고기강정
1026,돼지,굴소스대파돼지고기
1027,돼지,가지 돼지불고기
1028,돼지,돼지안심자몽구이
1029,돼지,돼지양념갈비
1030,돼지,돼지고기크림 찹스테이크
1031,돼지,고추장 돼지고기주물럭
1032,돼지,돼지불고기
1033,돼지,뿌리채소 돼지고기조림
1034,돼지,돼지고기김치찜
1035,소고기,소고기 오이볶음밥
1036,소고기,소고기 양파덮밥
1037,소고기,소고기아욱죽
1038,소고기,소고기 뭇국
1039,소고기,소고기 배춧국
1040,소고기,소고기 고추장찌개
1041,소고기,방울양배추 소고기조림
1042,소고기,소고기무볶음
1043,소고기,대파 소고기 볶음
1044,쇠고기,들깨쇠고기미역죽
1045,쇠고기,쇠고기청경채무른밥
1046,쇠고기,봄동쇠고기국
1047,쇠고기,쇠고기 미역국
1048,쇠고기,맑은 쇠고기뭇국
1049,쇠고기,매콤한 쇠고기뭇국
1050,쇠고기,쇠고기우거지된장국
1051,쇠고기,쇠고기부추들깨탕
1052,쇠고기,쇠고기미역국
1053,쇠고기,매콤쇠고기뭇국
1054,쇠고기,쇠고기 샤브샤브
1055,쇠고기,쇠고기완자 배추전골
1056,쇠고기,쇠고기밥전과 씻은김치무침
1057,쇠고기,쇠고기감자조림
1058,쇠고기,쇠고기볶음우동
1059,쇠고기,아스파라거스 쇠고기볶음
1060,쇠고기,쇠고기꼬치구이
1061,쇠고기,쇠고기 장조림
1062,쇠고기,쇠고기삼색밀쌈
1063,닭,간편 닭죽
1064,닭,단호박닭고기솥밥
1065,닭,치즈 불닭볶음밥
1066,닭,참깨 닭가슴살 오이덮밥
1067,닭,닭봉카레덮밥
1068,닭,닭고기유부밥
1069,닭,녹두닭안심죽
1070,닭,닭가슴살 카레볶음밥
1071,닭,닭가슴살덮밥
1072,닭,고구마 닭볶음탕
1073,닭,닭가슴살완자국
1074,닭,닭곰탕
1075,닭,부추닭고기 물만두탕
1076,닭,대파닭개장
1077,닭,버섯닭볶음탕
1078,닭,닭고기참깨탕
1079,닭,매운닭고기찌개
1080,닭,매콤 닭봉조림
1081,닭,봄나물 된장닭갈비
1082,닭,매운닭불고기
1083,닭,불닭꼬치
1084,닭,닭고기가지조림
1085,닭,닭가슴살 채소볶음
1086,닭,닭고기달걀장조림
1087,닭,떡닭불고기
1088,닭,닭갈비만두
1089,닭,닭갈비
1090,닭,고구마무스 닭가슴살볶음
1091,닭,양배추닭가슴살구이
1092,닭,쌈장닭구이
1093,닭,에어프라이어 닭구이
1094,닭,닭다릿살 대파구이
1095,닭,마라닭구이
1096,닭,통닭구이
1097,닭,싸 먹는 닭(쌈닭)
1098,닭,닭고기대파꼬치
1099,닭,닭고기맥적
1100,닭,불닭치즈구이
1101,닭,닭가슴살 요구르트머스터드 샐러드
1102,닭,파닭날개 데리야키
1103,닭,닭날개버터구이
1104,닭,아스파라거스 닭꼬치구이
1105,닭,개성식 무닭찜
1106,닭,오이찜닭
1107,닭,매콤 닭봉조림
1108,닭,콜라찜닭
1109,닭,토마토찜닭
1110,닭,매운 황태닭찜
1111,닭,닭가슴살냉채
1112,오리,오리튜브 카레라이스
1113,오리,한방오리백숙
1114,오리,오리갈비
1115,오리,훈제오리채소볶음
1116,오리,훈제오리 마늘볶음
1117,오리,훈제오리구이 배추샐러드
1118,양,양고기전골
1119,양,양꼬치구이
1120,양,양고기 스테이크
1121,스테이크,탑스테이크 덮밥
1122,스테이크,오징어찹스테이크
1123,스테이크,양고기 스테이크
1124,스테이크,함박밥스테이크
1125,스테이크,경양식 햄버그스테이크
1126,스테이크,발사믹소스 스테이크샐러드
1127,스테이크,돼지고기크림 찹스테이크
1128,스테이크,삼겹살스테이크샐러드
1129,스테이크,떡스테이크
1130,스테이크,목살스테이크 샐러드
1131,스테이크,한우채끝 스테이크
1132,스테이크,무화과소스 목살스테이크
1133,스테이크,갈릭치즈를 품은 햄버거스테이크
1134,꼬치,불고기대파꼬치와 주먹밥
1135,꼬치,훠궈 물꼬치
1136,꼬치,불닭꼬치
1137,꼬치,꼬치 3종
1138,꼬치,갈릭새우꼬치
1139,꼬치,대하꼬치
1140,꼬치,양꼬치구이
1141,꼬치,파프리카 삼겹말이꼬치
1142,꼬치,닭고기대파꼬치
1143,꼬치,쇠고기꼬치구이
1144,꼬치,아스파라거스 닭꼬치구이
1145,돈까스,돈가스 김밥 샌드위치
1146,돈까스,매콤 깐풍돈가스
1147,돈까스,싸 먹는 돈가스(돈가스쌈)
1148,돈까스,김치볶음밥 돈가스롤
1149,제육,토마토치즈제육덮밥
1150,제육,제육치즈 팬볶음밥
1151,제육,제육양념밥
1152,제육,토마토 제육볶음
1153,제육,간장제육볶음
1154,제육,짜장제육볶음
1155,제육,마늘종제육볶음
1156,제육,제육볶음
1157,주물럭,고추장 돼지고기주물럭
1158,곱창,부추곱창
1159,산적,두릅산적
1160,산적,떡산적
1161,수육,장어탕수육
1162,수육,통수육
1163,샐러드,콜리플라워 볶음밥 & 아보카도 샐러드
1164,샐러드,게살샐러드 유부초밥
1165,샐러드,치킨 콥샐러드
1166,샐러드,견과류샐러드
1167,샐러드,고구마샐러드
1168,샐러드,명란 두부샐러드
1169,샐러드,뿌리채소 참깨샐러드
1170,샐러드,참나물샐러드를 곁들인 육전
1171,샐러드,발사믹소스 스테이크샐러드
1172,샐러드,닭가슴살 요구르트머스터드 샐러드
1173,샐러드,포크데리야키 쌈샐러드
1174,샐러드,훈제오리구이 배추샐러드
1175,샐러드,삼겹살스테이크샐러드
1176,샐러드,목살스테이크 샐러드
1177,샐러드,연어 타르타르샐러드
1178,샐러드,시금치 포테이토샐러드
1179,샐러드,시금치딸기샐러드
1180,샐러드,구운배샐러드
1181,샐러드,구운로메인샐러드
1182,샐러드,동남아풍 골뱅이샐러드
1183,샐러드,구운버섯샐러드
1184,샐러드,더덕샐러드
1185,샐러드,레몬슈림프샐러드
1186,샐러드,검은깨소스 연어샐러드
1187,샐러드,석화치즈구이&사과드레싱 샐러드
1188,샌드위치,돈가스 김밥 샌드위치
1189,카나페,버섯카나페
1190,김치,백김치볶음밥
1191,김치,물김치 묵밥
1192,김치,김치 콩나물밥
1193,김치,김치볶음밥부리토
1194,김치,김치양념밥
1195,김치,김치당면 김밥볶음밥
1196,김치,김치하이라이스
1197,김치,불고기 김치콩나물밥
1198,김치,김치어묵치즈덮밥
1199,김치,얼큰 김치우동
1200,김치,참치김치찌개
1201,김치,순두부김치찌개
1202,김치,쌈장김치찌개
1203,김치,김치만두전골
1204,김치,청경채김치
1205,김치,열무 물김치
1206,김치,백오이 물김치
1207,김치,김치볶음 & 두부김치
1208,김치,어묵 김치조림
1209,김치,쇠고기밥전과 씻은김치무침
1210,김치,버섯김치전
1211,김치,김치치즈달걀말이
1212,김치,총각김치볶음
1213,김치,떠먹는 순두부김치
1214,김치,김치볶음밥 오징어순대
1215,김치,돼지고기김치찜
1216,김치,김치브루스게타
1217,김치,김치볶음밥 돈가스롤
1218,김치,김치오코노미야키
1219,쑥,바지락쑥완자국
1220,달래,달래간장버터밥
1221,달래,크림소스 달래뇨끼
1222,달래,달래된장찌개
1223,달래,달래 무생채
1224,달래,달래 돼지고기 생강구이
1225,달래,배추달래겉절이
1226,냉이,콩가루냉이장국
1227,냉이,냉이된장국
1228,냉이,냉이 버섯전골
1229,냉이,냉이강된장
1230,냉이,냉이떡갈비
1231,두릅,두릅산적
1232,우엉,우엉조림 현미주먹밥
1233,우엉,우엉간장밥
1234,우엉,매콤우엉조림
1235,우엉,우엉떡갈비
1236,우엉,숙주우엉잡채
1237,딸기,시금치딸기샐러드
1238,매실,매실장아찌볶음밥
1239,꼬막,얼큰 꼬막탕
1240,꼬막,꼬막장
1241,꼬막,시금치페스토 꼬막찜
1242,더덕,미더덕어묵탕
1243,더덕,더덕 고추장구이
1244,더덕,더덕불고기
1245,더덕,고추장더덕어묵볶음
1246,더덕,더덕샐러드
1247,미더덕,미더덕어묵탕
1248,바지락,바지락죽
1249,바지락,바지락무채국
1250,바지락,바지락 얼갈이배춧국
1251,바지락,바지락 미역국
1252,바지락,바지락쑥완자국
1253,바지락,바지락찜
1254,다슬기,다슬기부추된장국
1255,장어,장어덮밥
1256,장어,장어 영양솥밥
1257,장어,장어전골
1258,장어,장어 달걀말이
1259,장어,장어탕수육
1260,장어,장어구이
1261,감자,뼈 없는 시래기감자탕
1262,감자,감자버섯수제비
1263,감자,감자탕
1264,감자,옥수수알감자조림
1265,감자,감자무침
1266,감자,감자채볶음 & 대왕 달걀말이
1267,감자,매운 감자볶음
1268,감자,감자멸치볶음
1269,감자,매콤감자조림
1270,감자,감자볶음
1271,감자,쇠고기감자조림
1272,감자,감자떡볶이
1273,감자,층층감자삼겹
1274,감자,통감자치즈구이
1275,감자,베이컨감자찜
1276,감자,감자간장조림
1277,감자,층층감자삼겹
1278,감자,감자전
1279,감자,미나리감자 뢰스티
1280,토마토,토마토밥 & 토마토 약고추장
1281,토마토,토마토치즈제육덮밥
1282,토마토,토마토소스 해물리소토
1283,토마토,오이토마토냉국
1284,토마토,토마토누룽지수프
1285,토마토,토마토 제육볶음
1286,토마토,콩고기 토마토떡볶이
1287,토마토,토마토버섯볶음
1288,토마토,토마토찜닭
1289,토마토,토마토 조개수프
1290,전복,시래기전복솥밥
1291,전복,전복채소무른밥
1292,전복,아스파라거스 전복볶음밥
1293,전복,전복삼계탕
1294,전복,전복 양장피
1295,전복,전복장
1296,전복,전복버터구이
1297,전복,전복 양장피
1298,참외,참외냉국
1299,참외,참외 피클
1300,복숭아,복숭아 냉국
1301,갈치,갈치 쌈장
1302,갈치,갈치고구마조림
1303,갈치,갈치찜
1304,갈치,카레갈치구이
1305,갈치,뚝배기 갈치조림
1306,고구마,고구마밥
1307,고구마,고구마 닭볶음탕
1308,고구마,고구마채전
1309,고구마,갈치고구마조림
1310,고구마,고구마샐러드
1311,고구마,고구마생채
1312,고구마,고구마줄기볶음
1313,고구마,고구마순무침
1314,고구마,고구마무스 닭가슴살볶음
1315,고구마,고구마순 고등어조림
1316,고구마,어묵고구마조림
1317,옥수수,옥수수김밥
1318,옥수수,옥수수밥
1319,옥수수,옥수수알감자조림
1320,옥수수,옥수수애호박달걀말이
1321,도라지,도라지초무침
1322,키조개,키조개관자볶음
1323,은행,호두 은행조림
1324,배추,양배추 둥지밥
1325,배추,얼갈이배추국밥
1326,배추,양배추된장무른밥
1327,배추,배추된장국
1328,배추,양배추치즈전골
1329,배추,두부배추전골
1330,배추,쇠고기완자 배추전골
1331,배추,배추생채
1332,배추,알배추 겉절이
1333,배추,참치 쌈장과 양배추쌈
1334,배추,양배추 달걀전
1335,배추,방울양배추 소고기조림
1336,배추,배추달래겉절이
1337,배추,배추된장무침
1338,배추,양배추볶음
1339,배추,양배추피클
1340,배추,양배추 우삼겹 숙주볶음
1341,배추,양배추닭가슴살구이
1342,배추,훈제오리구이 배추샐러드
1343,배추,차돌박이 알배추찜
1344,게,게살치즈죽
1345,게,게살샐러드 유부초밥
1346,게,꽃게죽
1347,게,맑은 꽃게탕
1348,게,꽃게어묵탕
1349,게,꽃게된장국
1350,게,단호박꽃게탕
1351,게,멍게젓
1352,게,꽃게무침
1353,게,콩나물 꽃게찜
1354,귤,감귤된장무침
1355,호박,단호박 볶음밥
1356,호박,단호박닭고기솥밥
1357,호박,늙은 호박죽
1358,호박,단호박 영양찰밥
1359,호박,단호박타락죽
1360,호박,단호박리소토
1361,호박,중화풍 호박고지덮밥
1362,호박,호박잎국
1363,호박,풋호박청국장
1364,호박,호박잎된장국
1365,호박,단호박꽃게탕
1366,호박,황태애호박국
1367,호박,두부호박 새우젓국
1368,호박,늙은 호박 된장찌개
1369,호박,애호박 고추장찌개
1370,호박,호박고추장찌개
1371,호박,옥수수애호박달걀말이
1372,호박,애호박초무침
1373,호박,호박나물
1374,호박,늙은호박전
1375,호박,호박양파조림
1376,호박,단호박 호두조림
1377,호박,늙은호박볶음
1378,호박,늙은호박 두루치기
1379,호박,애호박채볶음
1380,호박,깨호박씨강정
1381,호박,호박고지볶음
1382,호박,단호박볶음
1383,호박,들깨애호박볶음
1384,호박,단호박 영양찰밥
1385,호박,단호박 플랫브레드
1386,호박,대구단호박튀김
1387,대하,대하 연두붓국
1388,대하,양념 대하장
1389,대하,멸치대하볶음 & 엔다이브 쌈 with 청주
1390,대하,대하꼬치
1391,대하,대하날치알 치즈구이
1392,새우,새우볶음밥
1393,새우,새우덮밥
1394,새우,새우젓 달걀볶음밥
1395,새우,새우튀김김밥
1396,새우,건새우순두부탕
1397,새우,민물새우탕
1398,새우,새우콩나물탕
1399,새우,새우두부완자탕
1400,새우,새우젓콩나물국
1401,새우,새우순두붓국
1402,새우,두부호박 새우젓국
1403,새우,새우젓비지찌개
1404,새우,양념새우장
1405,새우,세발나물 새우부침개
1406,새우,아욱건새우 된장무침
1407,새우,갈릭새우꼬치
1408,새우,간장 새우찜
1409,새우,새우타코
1410,새우,마늘새우까수엘라
1411,새우,칠리새우
1412,굴,땡초굴소스볶음밥
1413,굴,영양 굴국밥
1414,굴,부추굴국밥
1415,굴,굴짬뽕만둣국
1416,굴,굴전골
1417,굴,어리굴젓
1418,굴,찐콩나물굴무침
1419,굴,굴소스대파돼지고기
1420,굴,굴 콩나물찜
1421,굴,굴무침
1422,고등어,고등어 마리네이드구이
1423,고등어,고등어된장구이
1424,고등어,고구마순 고등어조림
1425,고등어,고등어 무조림
1426,꽁치,꽁치추어탕
1427,꽁치,시래기꽁치찜
1428,꽁치,꽁치조림
1429,꽁치,꽁치얼갈이조림
1430,홍합,홍합뭇국
1431,홍합,얼큰홍합탕
1432,홍합,홍합미역국
1433,홍합,미역홍합부침개
1434,홍합,홍합초
1435,삼치,삼치솥밥
1436,삼치,삼치양념찜
1437,삼치,삼치간장조림
1438,삼치,시래기삼치조림
1439,삼치,카레삼치구이
1440,삼치,삼치마요구이
1441,사과,사과당근무른밥
1442,사과,사과무생채
1443,사과,사과청경채무침
1444,사과,밤알단자와 사과조림
1445,사과,사과상추 겉절이
1446,사과,석화치즈구이&사과드레싱 샐러드
1447,마늘,마늘쫑장아찌 볶음밥
1448,마늘,마늘종볶음밥
1449,마늘,마늘칩햄동
1450,마늘,마늘 조개탕
1451,마늘,통마늘 만두맛탕
1452,마늘,풋마늘대무침
1453,마늘,찹쌀 마늘종찜
1454,마늘,마늘종잔멸치볶음
1455,마늘,마늘종제육볶음
1456,마늘,마늘모래집볶음
1457,마늘,햇마늘버섯볶음
1458,마늘,훈제오리 마늘볶음
1459,마늘,마늘 통삼겹구이
1460,마늘,마늘간장소스 윙&봉구이
1461,마늘,마늘꿀조림
1462,마늘,마늘고추장소스 두부조림
1463,마늘,마늘밤조림
1464,마늘,마늘새우까수엘라
1465,맛살,맛살볶음밥
1466,참치,참치마요 볶음밥
1467,참치,묵은지말이 참치김밥
1468,참치,묵은지 참치김밥
1469,참치,생와사비 참치마요김밥
1470,참치,고추참치덮밥
1471,참치,참치김치찌개
1472,참치,참치 쌈장과 양배추쌈
1473,아보카도,콜리플라워 볶음밥 & 아보카도 샐러드
1474,크림,크림볶음밥
1475,크림,크림소스 달래뇨끼
1476,크림,돼지고기크림 찹스테이크
1477,크림,크림소스 캐비지롤
1478,크림,크림소스 가지구이
1479,크림,오렌지크림소스파스타
1480,크림,꽈리고추 버섯크림파스타
1481,만두,물만두 콩나물국밥
1482,만두,만두김밥
1483,만두,부추닭고기 물만두탕
1484,만두,물만두된장국
1485,만두,만두전골
1486,만두,김치만두전골
1487,만두,통마늘 만두맛탕
1488,만두,닭갈비만두
1489,만두,만두조림 & 만두부침개
1490,만두,부추만두
1491,만두,채소밥만두
1492,만두,채소만두
1493,콩나물,물만두 콩나물국밥
1494,콩나물,김치 콩나물밥
1495,콩나물,오징어콩나물국밥
1496,콩나물,불고기 김치콩나물밥
1497,콩나물,콩나물냉국
1498,콩나물,콩나물무침 & 콩나물술국
1499,콩나물,오징어젓콩나물국밥
1500,콩나물,순두부콩나물국
1501,콩나물,새우콩나물탕
1502,콩나물,콩나물아욱국
1503,콩나물,새우젓콩나물국
1504,콩나물,콩나물장조림
1505,콩나물,하얀콩나물무침
1506,콩나물,콩나물 냉채
1507,콩나물,낙지콩나물볶음
1508,콩나물,찐콩나물굴무침
1509,콩나물,콩나물버섯무침
1510,콩나물,우삼겹 콩나물두루치기
1511,콩나물,콩나물라볶이
1512,콩나물,굴 콩나물찜
1513,콩나물,콩나물 꽃게찜
1514,콩나물,오만둥이콩나물찜
1515,콩나물,조개콩나물찜
1516,콩나물,순대버섯 콩나물찜
1517,삼겹살,삼겹살 장아찌김밥
1518,삼겹살,대패삼겹살덮밥
1519,삼겹살,삼겹살밀푀유나베
1520,삼겹살,삼겹살 겨자무침
1521,삼겹살,오이고추 삼겹살 무침
1522,삼겹살,꽈리고추 삼겹살볶음
1523,삼겹살,삼겹살그라탕
1524,삼겹살,삼겹살스테이크샐러드
1525,삼겹살,고추장삼겹살구이
1526,삼겹살,대패삼겹살숙주찜
1527,삼겹살,양파삼겹살찜
1528,삼겹살,삼겹살묵은지찜
1529,채소,채소김밥
1530,채소,채소 솥밥
1531,채소,오곡 해물채소볶음밥
1532,채소,채소 카레덮밥
1533,채소,미나리채소죽
1534,채소,두부채소카레
1535,채소,불고기 채소볶음밥
1536,채소,전복채소무른밥
1537,채소,채소멸치죽
1538,채소,카레뿌리채소밥
1539,채소,채소 샤부샤부
1540,채소,쌈채소 샤브샤브
1541,채소,닭가슴살 채소볶음
1542,채소,뿌리채소 참깨샐러드
1543,채소,뿌리채소카레볶음
1544,채소,훈제오리채소볶음
1545,채소,뿌리채소 돼지고기조림
1546,채소,채소밥만두
1547,채소,채소만두
1548,묵은지,묵은지말이 참치김밥
1549,묵은지,묵은지 참치김밥
1550,묵은지,묵은지 돌솥밥
1551,묵은지,묵은지 밀푀유나베
1552,묵은지,묵은지 된장지짐
1553,묵은지,등갈비 묵은지찜
1554,묵은지,삼겹살묵은지찜
1555,연어,대왕연어김밥
1556,연어,연어구이
1557,연어,연어 타르타르샐러드
1558,연어,검은깨소스 연어샐러드
1559,오징어,충무김밥과 오징어무침
1560,오징어,통오징어 라조덮밥
1561,오징어,오징어콩나물국밥
1562,오징어,물오징어 간장덮밥
1563,오징어,오징어어묵무침 충무김밥
1564,오징어,오징어젓콩나물국밥
1565,오징어,총알오징어버섯전골
1566,오징어,오징어고추장찌개
1567,오징어,오징어젓 떡볶음
1568,오징어,오징어물회
1569,오징어,오징어젓미나리무침
1570,오징어,반건조오징어무침
1571,오징어,오징어젓전
1572,오징어,꽈리고추오징어볶음
1573,오징어,오징어보쌈
1574,오징어,오징어찹스테이크
1575,오징어,아스파라거스오징어볶음
1576,오징어,데리야키 오징어 모래집볶음
1577,오징어,간장버터통오징어구이
1578,오징어,딥소스 오징어 쥐포구이
1579,오징어,총알오징어 숙회
1580,오징어,오징어연근조림
1581,오징어,김치볶음밥 오징어순대
1582,베이컨,베이컨달걀주먹밥
1583,베이컨,베이컨잡채덮밥
1584,베이컨,시금치베이컨밥말이
1585,베이컨,브로콜리베이컨오믈렛
1586,베이컨,베이컨버섯쌈장볶음밥
1587,베이컨,베이컨버섯볶음
1588,베이컨,베이컨떡볶음
1589,베이컨,베이컨감자찜
1590,달걀,베이컨달걀주먹밥
1591,달걀,구운달걀 카레덮밥
1592,달걀,달걀덮밥
1593,달걀,통조림 햄구이& 달걀볶음밥
1594,달걀,새우젓 달걀볶음밥
1595,달걀,달걀말이밥
1596,달걀,중화풍 달걀볶음밥
1597,달걀,달걀치즈진밥
1598,달걀,달걀지단김밥
1599,달걀,버섯된장 달걀국
1600,달걀,새송이달걀국
1601,달걀,조개달걀탕
1602,달걀,옥수수애호박달걀말이
1603,달걀,반숙 달걀장
1604,달걀,양배추 달걀전
1605,달걀,달걀피클
1606,달걀,전자레인지달걀찜
1607,달걀,감자채볶음 & 대왕 달걀말이
1608,달걀,장어 달걀말이
1609,달걀,닭고기달걀장조림
1610,달걀,김달걀말이
1611,달걀,연근양송이달걀찜
1612,달걀,명란달걀말이
1613,달걀,김치치즈달걀말이
1614,달걀,밥달걀찜
1615,달걀,시금치달걀찜
1616,달걀,미나리달걀찜
1617,달걀,치즈왕달걀말이
1618,카레,오리튜브 카레라이스
1619,카레,구운달걀 카레덮밥
1620,카레,닭봉카레덮밥
1621,카레,채소 카레덮밥
1622,카레,두부채소카레
1623,카레,카레리소토
1624,카레,카레김가루주먹밥
1625,카레,순두부카레라이스
1626,카레,닭가슴살 카레볶음밥
1627,카레,카레뿌리채소밥
1628,카레,뿌리채소카레볶음
1629,카레,카레삼치구이
1630,카레,임연수카레구이
1631,카레,카레갈치구이
1632,버섯,모둠버섯솥밥
1633,버섯,치자버섯밥
1634,버섯,베이컨버섯쌈장볶음밥
1635,버섯,버섯밥
1636,버섯,버섯된장 달걀국
1637,버섯,감자버섯수제비
1638,버섯,버섯시금치국
1639,버섯,버섯닭볶음탕
1640,버섯,버섯매운탕
1641,버섯,맑은 버섯두부탕
1642,버섯,모둠버섯맑은국
1643,버섯,깻잎버섯된장국
1644,버섯,냉이 버섯전골
1645,버섯,총알오징어버섯전골
1646,버섯,팽이버섯무침
1647,버섯,케일버섯볶음
1648,버섯,버섯김치전
1649,버섯,콩나물버섯무침
1650,버섯,버섯카나페
1651,버섯,버섯볶음 모닝머핀
1652,버섯,베이컨버섯볶음
1653,버섯,토마토버섯볶음
1654,버섯,햇마늘버섯볶음
1655,버섯,들깨버섯볶음
1656,버섯,통표고버섯구이
1657,버섯,곤약버섯조림
1658,버섯,순대버섯 콩나물찜
1659,버섯,구운버섯샐러드
1660,버섯,버섯전
1661,버섯,꽈리고추 버섯크림파스타
1662,가지,가지밥
1663,가지,가지연두부덮밥
1664,가지,가지덮밥
1665,가지,가지순대
1666,가지,매콤가지오므라이스
1667,가지,된장 가지냉국
1668,가지,가지냉국
1669,가지,얼큰 가지찌개
1670,가지,가지절임
1671,가지,매콤가지찜
1672,가지,가지강된장
1673,가지,못난이 가지전
1674,가지,닭고기가지조림
1675,가지,가지양파볶음
1676,가지,가지 돼지불고기
1677,가지,통가지구이
1678,가지,가지튀김 깐풍조림
1679,가지,크림소스 가지구이
1680,고추,토마토밥 & 토마토 약고추장
1681,고추,청양고추멸치볶음 주먹밥
1682,고추,청양고추멸치볶음
1683,고추,데리야키고추오므라이스
1684,고추,고추장마파덮밥
1685,고추,고추참치덮밥
1686,고추,고추냉이 초계탕
1687,고추,아삭이고추 된장박이
1688,고추,고추장번데기탕
1689,고추,풋고추빡빡장
1690,고추,애호박 고추장찌개
1691,고추,소고기 고추장찌개
1692,고추,호박고추장찌개
1693,고추,오징어고추장찌개
1694,고추,조갯살고추장찌개
1695,고추,고추잡채
1696,고추,청양고추피클
1697,고추,아삭이고추 소박이
1698,고추,풋고추된장무침
1699,고추,고추장 파래김구이
1700,고추,오이고추 삼겹살 무침
1701,고추,더덕 고추장구이
1702,고추,꽈리고추무침
1703,고추,고추부각
1704,고추,곶감고추장무침
1705,고추,콩가루고추멸치찜
1706,고추,꽈리고추오징어볶음
1707,고추,꽈리고추 삼겹살볶음
1708,고추,멸치꽈리고추볶음
1709,고추,고추장더덕어묵볶음
1710,고추,고추장 돼지고기주물럭
1711,고추,고추장삼겹살구이
1712,고추,꽈리고추찜
1713,고추,마늘고추장소스 두부조림
1714,고추,꽈리고추 버섯크림파스타
1715,오이,소고기 오이볶음밥
1716,오이,참깨 닭가슴살 오이덮밥
1717,오이,오이토마토냉국
1718,오이,오이미역냉국
1719,오이,명란 오이무침
1720,오이,오이깍두기
1721,오이,백오이 물김치
1722,오이,오이고추 삼겹살 무침
1723,오이,오이지무침
1724,오이,오이생채
1725,오이,오이송송이
1726,오이,오이찜닭
1727,깍두기,깍두기볶음밥
1728,깍두기,깍두기 찬밥피자
1729,깍두기,오이깍두기
1730,된장,강된장비빔밥
1731,된장,된장돼지고기덮밥
1732,된장,양배추된장무른밥
1733,된장,된장 가지냉국
1734,된장,두유 된장국
1735,된장,동치미 된장국
1736,된장,아삭이고추 된장박이
1737,된장,버섯된장 달걀국
1738,된장,배추된장국
1739,된장,호박잎된장국
1740,된장,취나물된장국
1741,된장,쇠고기우거지된장국
1742,된장,냉이된장국
1743,된장,물만두된장국
1744,된장,꽃게된장국
1745,된장,다슬기부추된장국
1746,된장,미역된장국
1747,된장,봄동된장국
1748,된장,깻잎버섯된장국
1749,된장,늙은 호박 된장찌개
1750,된장,대파된장찌개
1751,된장,봄나물 강된장
1752,된장,달래된장찌개
1753,된장,강화도식 주꾸미된장찌개
1754,된장,묵은지 된장지짐
1755,된장,순두부된장찌개
1756,된장,냉이강된장
1757,된장,가지강된장
1758,된장,열무 된장지짐
1759,된장,된장 톳 두부무침
1760,된장,봄나물 된장닭갈비
1761,된장,풋고추된장무침
1762,된장,감귤된장무침
1763,된장,두부 강된장볶음
1764,된장,아욱건새우 된장무침
1765,된장,배추된장무침
1766,된장,대파된장무침
1767,된장,항정살된장구이
1768,된장,된장부추맥적구이
1769,된장,생선된장구이
1770,된장,고등어된장구이
1771,된장,된장두부조림
1772,카르보나라,카르보나라 덮밥
1773,카르보나라,카르보나라 라이스
1774,카르보나라,카르보나라 순대볶음
1775,쌈장,쌈장덮밥
1776,쌈장,쌈장 돼지고기 덮밥
1777,쌈장,베이컨버섯쌈장볶음밥
1778,쌈장,대패쌈장찌개
1779,쌈장,쌈장김치찌개
1780,쌈장,쌈장목살찌개
1781,쌈장,참치 쌈장과 양배추쌈
1782,쌈장,갈치 쌈장
1783,쌈장,쌈장닭구이
1784,떡볶이,떡볶이 덮밥
1785,떡볶이,마라 기름떡볶이
1786,떡볶이,콩고기 토마토떡볶이
1787,떡볶이,간장꿀떡볶이
1788,떡볶이,감자떡볶이
1789,열무,소보로 열무밥
1790,열무,열무 청국장
1791,열무,열무 물김치
1792,열무,열무 된장지짐
1793,열무,열무나물무침
1794,소보로,소보로 열무밥
1795,멸치,청양고추멸치볶음 주먹밥
1796,멸치,청양고추멸치볶음
1797,멸치,치즈멸치강정
1798,멸치,채소멸치죽
1799,멸치,생멸치찌개
1800,멸치,잔멸치고춧물
1801,멸치,감자멸치볶음
1802,멸치,콩가루고추멸치찜
1803,멸치,마늘종잔멸치볶음
1804,멸치,멸치대하볶음 & 엔다이브 쌈 with 청주
1805,멸치,멸치꽈리고추볶음
1806,멸치,멸치 무조림
1807,멸치,토란잔멸치조림
1808,멸치,멸치깻잎쌈
1809,포두부,포두부 롤밥
1810,포두부,포두부무침
1811,포두부,포두부말이
1812,연두부,가지연두부덮밥
1813,순두부,순두부카레라이스
1814,순두부,건새우순두부탕
1815,순두부,순두부콩나물국
1816,순두부,순두부김국
1817,순두부,순두부된장찌개
1818,순두부,순두부김치찌개
1819,순두부,백순두부찌개
1820,순두부,명란순두부찌개
1821,순두부,떠먹는 순두부김치
1822,두부,포두부 롤밥
1823,두부,가지연두부덮밥
1824,두부,두부채소카레
1825,두부,순두부카레라이스
1826,두부,두부밥과 간장양념
1827,두부,건새우순두부탕
1828,두부,순두부콩나물국
1829,두부,두부뭇국
1830,두부,새우두부완자탕
1831,두부,순두부김국
1832,두부,맑은 버섯두부탕
1833,두부,두부호박 새우젓국
1834,두부,어묵 두부찌개
1835,두부,두부배추전골
1836,두부,구운두부전골
1837,두부,순두부된장찌개
1838,두부,순두부김치찌개
1839,두부,얼큰 두부찌개
1840,두부,백순두부찌개
1841,두부,명란순두부찌개
1842,두부,두부 장조림
1843,두부,명란 두부샐러드
1844,두부,포두부무침
1845,두부,된장 톳 두부무침
1846,두부,김치볶음 & 두부김치
1847,두부,포두부말이
1848,두부,두부 강된장볶음
1849,두부,양념장 올린 두부구이
1850,두부,파생채 구운두부
1851,두부,시골두부무조림
1852,두부,손두부 해물두루치기
1853,두부,떠먹는 순두부김치
1854,두부,대패삼겹 두부조림
1855,두부,만두조림 & 만두부침개
1856,두부,조갯살두부조림
1857,두부,된장두부조림
1858,두부,마늘고추장소스 두부조림
1859,두부,두부멘보샤
1860,양배추,양배추 둥지밥
1861,양배추,양배추된장무른밥
1862,양배추,양배추치즈전골
1863,양배추,참치 쌈장과 양배추쌈
1864,양배추,양배추 달걀전
1865,양배추,방울양배추 소고기조림
1866,양배추,양배추볶음
1867,양배추,양배추피클
1868,양배추,양배추 우삼겹 숙주볶음
1869,양배추,양배추닭가슴살구이
1870,날치알,날치알 비빔밥
1871,날치알,대하날치알 치즈구이
1872,양파,치킨양파덮밥
1873,양파,소고기 양파덮밥
1874,양파,양파덮밥
1875,양파,양파볶음 햄구이밥
1876,양파,호박양파조림
1877,양파,양파초무침
1878,양파,어묵양파볶음
1879,양파,가지양파볶음
1880,양파,양파삼겹살찜
1881,대파,불고기대파꼬치와 주먹밥
1882,대파,대파닭개장
1883,대파,대파된장찌개
1884,대파,대파무침
1885,대파,대파된장무침
1886,대파,대파초무침
1887,대파,대파 소고기 볶음
1888,대파,굴소스대파돼지고기
1889,대파,주꾸미대파볶음
1890,대파,닭다릿살 대파구이
1891,대파,닭고기대파꼬치
1892,치즈,토마토치즈제육덮밥
1893,치즈,갈비찜 치즈덮밥
1894,치즈,치즈 불닭볶음밥
1895,치즈,게살치즈죽
1896,치즈,제육치즈 팬볶음밥
1897,치즈,치즈멸치강정
1898,치즈,달걀치즈진밥
1899,치즈,김치어묵치즈덮밥
1900,치즈,양배추치즈전골
1901,치즈,김치치즈달걀말이
1902,치즈,통감자치즈구이
1903,치즈,대하날치알 치즈구이
1904,치즈,불닭치즈구이
1905,치즈,소시지 치즈프라이
1906,치즈,갈릭치즈를 품은 햄버거스테이크
1907,치즈,치즈왕달걀말이
1908,치즈,석화치즈구이&사과드레싱 샐러드
1909,어묵,어묵버터밥
1910,어묵,오징어어묵무침 충무김밥
1911,어묵,김치어묵치즈덮밥
1912,어묵,5분 어묵국
1913,어묵,얼큰 어묵탕
1914,어묵,매운어묵배춧국
1915,어묵,미더덕어묵탕
1916,어묵,꽃게어묵탕
1917,어묵,얼큰 절편어묵탕
1918,어묵,어묵 두부찌개
1919,어묵,어묵 김치조림
1920,어묵,어묵양파볶음
1921,어묵,고추장더덕어묵볶음
1922,어묵,어묵찬밥조림
1923,어묵,어묵고구마조림
1924,어묵,어묵잡채
1925,골뱅이,골뱅이죽
1926,골뱅이,골뱅이냉묵사발
1927,골뱅이,동남아풍 골뱅이샐러드
1928,버터,어묵버터밥
1929,버터,달래간장버터밥
1930,버터,전복버터구이
1931,버터,갈릭버터슈림프
1932,버터,간장버터통오징어구이
1933,버터,레몬버터랍스터
1934,버터,닭날개버터구이
1935,순대,가지순대
1936,순대,백순대볶음
1937,순대,카르보나라 순대볶음
1938,순대,김치볶음밥 오징어순대
1939,순대,순대버섯 콩나물찜
1940,할라피뇨,할라피뇨 주먹밥
1941,햄,햄버거 김밥
1942,햄,통조림 햄구이& 달걀볶음밥
1943,햄,마늘칩햄동
1944,햄,햄 볶음밥
1945,햄,양파볶음 햄구이밥
1946,햄,갈릭치즈를 품은 햄버거스테이크
1947,햄,경양식 햄버그스테이크
1948,콩,물만두 콩나물국밥
1949,콩,김치 콩나물밥
1950,콩,렌틸콩밥
1951,콩,병아리콩 보리밥
1952,콩,오징어콩나물국밥
1953,콩,불고기 김치콩나물밥
1954,콩,콩나물냉국
1955,콩,콩나물무침 & 콩나물술국
1956,콩,오징어젓콩나물국밥
1957,콩,제주 콩국
1958,콩,순두부콩나물국
1959,콩,새우콩나물탕
1960,콩,콩나물아욱국
1961,콩,새우젓콩나물국
1962,콩,콩가루냉이장국
1963,콩,콩나물장조림
1964,콩,하얀콩나물무침
1965,콩,콩나물 냉채
1966,콩,미나리 생콩가루찜
1967,콩,낙지콩나물볶음
1968,콩,땅콩조림
1969,콩,부추콩가루찜
1970,콩,찐콩나물굴무침
1971,콩,콩가루고추멸치찜
1972,콩,콩나물버섯무침
1973,콩,우삼겹 콩나물두루치기
1974,콩,콩나물라볶이
1975,콩,콩고기 토마토떡볶이
1976,콩,검은콩볶음
1977,콩,콩불
1978,콩,굴 콩나물찜
1979,콩,콩나물 꽃게찜
1980,콩,오만둥이콩나물찜
1981,콩,조개콩나물찜
1982,콩,순대버섯 콩나물찜
1983,콩,다시마곤약콩조림
1984,짜장,짜장덮밥
1985,짜장,유니짜장
1986,짜장,해물쟁반 짜장라면
1987,짜장,짜장제육볶음
1988,미나리,미나리채소죽
1989,미나리,오징어젓미나리무침
1990,미나리,미나리 생콩가루찜
1991,미나리,미나리달걀찜
1992,미나리,차돌미나리 분짜
1993,미나리,미나리감자 뢰스티
1994,게살,게살치즈죽
1995,게살,게살샐러드 유부초밥
1996,부추,부추굴국밥
1997,부추,부추닭고기 물만두탕
1998,부추,쇠고기부추들깨탕
1999,부추,다슬기부추된장국
2000,부추,부추콩가루찜
2001,부추,된장부추맥적구이
2002,부추,차돌박이 부추편채
2003,부추,부추곱창
2004,부추,부추만두
2005,매생이,매생이국밥
2006,매생이,매생이 두붓국
2007,시금치,대구살시금치이유식
2008,시금치,시금치베이컨밥말이
2009,시금치,버섯시금치국
2010,시금치,시금치페스토 꼬막찜
2011,시금치,시금치 겉절이
2012,시금치,시금치달걀찜
2013,시금치,시금치 포테이토샐러드
2014,시금치,시금치딸기샐러드
2015,당근,사과당근무른밥
2016,크래미,크래미알밥
2017,피자,떠먹는 현미밥피자
2018,피자,깍두기 찬밥피자
2019,팽이,팽이잡채밥
2020,팽이,팽이버섯무침
2021,흑임자,흑임자죽
2022,아스파라거스,아스파라거스 전복볶음밥
2023,아스파라거스,아스파라거스오징어볶음
2024,아스파라거스,아스파라거스 쇠고기볶음
2025,아스파라거스,아스파라거스 닭꼬치구이
2026,노각,노각생채비빔밥
2027,노각,노각 냉국
2028,바나나,바나나차조미음
2029,명란,반숙명란덮밥
2030,명란,명란덮밥
2031,명란,명란젓비지찌개
2032,명란,명란순두부찌개
2033,명란,명란 오이무침
2034,명란,명란 두부샐러드
2035,명란,양상추 명란젓말이
2036,명란,명란달걀말이
2037,백합,백합 맑은탕
2038,황태,황태국
2039,황태,황태장국
2040,황태,황태아욱국
2041,황태,황태애호박국
2042,황태,매운 황태닭찜
2043,견과류,견과류샐러드
2044,견과류,견과류 뿌린 찹쌀돼지고기강정
2045,토란,들깨토란탕
2046,토란,토란잔멸치조림
2047,고사리,고사리 육개장
2048,낙지,얼큰 낙지탕
2049,낙지,낙지불고기매운탕
2050,낙지,낙지젓 파전
2051,낙지,낙지콩나물볶음
2052,낙지,낙지초무침
2053,낙지,낙지갈비찜
2054,번데기,고추장번데기탕
2055,깨,참깨 닭가슴살 오이덮밥
2056,깨,들깨쇠고기미역죽
2057,깨,들깨토란탕
2058,깨,들깨뭇국
2059,깨,쇠고기부추들깨탕
2060,깨,닭고기참깨탕
2061,깨,통들깨 무나물
2062,깨,들깨시래기볶음
2063,깨,뿌리채소 참깨샐러드
2064,깨,깨호박씨강정
2065,깨,들깨애호박볶음
2066,깨,들깨버섯볶음
2067,깨,검은깨소스 연어샐러드
2068,완자,닭가슴살완자국
2069,완자,새우두부완자탕
2070,완자,바지락쑥완자국
2071,완자,쇠고기완자 배추전골
2072,완자,납작완자조림
2073,미소,미소시루
2074,깻잎,깻잎버섯된장국
2075,깻잎,대합깻잎짜글이
2076,깻잎,양념깻잎
2077,깻잎,깻잎페스토 목살구이
2078,깻잎,멸치깻잎쌈
2079,맥주,맥주조개탕
2080,생태,맑은 생태탕
2081,생태,생태국
2082,도루묵,도루묵찌개
2083,해물,오곡 해물채소볶음밥
2084,해물,해물밥
2085,해물,토마토소스 해물리소토
2086,해물,해물전골
2087,해물,해물쟁반 짜장라면
2088,해물,손두부 해물두루치기
2089,해물,해물찜
2090,차돌박이,차돌박이청국장
2091,차돌박이,차돌박이볶음
2092,차돌박이,차돌박이 부추편채
2093,차돌박이,차돌박이 알배추찜
2094,동태,동태찌개
2095,쥐포,쥐포채무침
2096,쥐포,쥐포볶음
2097,쥐포,쥐포볶음
2098,쥐포,딥소스 오징어 쥐포구이
2099,톳,톳 김조림
2100,톳,된장 톳 두부무침
2101,톳,톳 무말랭이무침
2102,톳,매운 톳떡찜
2103,청경채,쇠고기청경채무른밥
2104,청경채,청경채김치
2105,청경채,청경채겉절이
2106,청경채,사과청경채무침
2107,연근,찹쌀 연근구이
2108,연근,연근초절임
2109,연근,연근무침
2110,연근,연근양송이달걀찜
2111,연근,오징어연근조림
2112,파래,고추장 파래김구이
2113,파래,마른파래볶음
2114,파프리카,파프리카잡채
2115,파프리카,파프리카 삼겹말이꼬치
2116,랍스터,레몬버터랍스터
2117,곤약,곤약면 팟타이
2118,곤약,곤약버섯조림
2119,곤약,다시마곤약콩조림
2120,시래기,시래기전복솥밥
2121,시래기,뼈 없는 시래기감자탕
2122,시래기,들깨시래기볶음
2123,시래기,시래기불고기
2124,시래기,시래기꽁치찜
2125,시래기,시래기삼치조림
2126,등갈비,바삭 등갈비 강정
2127,등갈비,등갈비구이
2128,등갈비,등갈비강정
2129,등갈비,등갈비 묵은지찜
2130,등갈비,등갈비찜
2131,가자미,마소스 가자미찜
2132,가자미,가자미조림
2133,숙주,숙주무침
2134,숙주,양배추 우삼겹 숙주볶음
2135,숙주,대패삼겹살숙주찜
2136,숙주,숙주우엉잡채
